Deck Text,Matched Deck
Charmander Charmeleon Charizard ex Pidgey Pidgey Pidgeot ex Duskull Dusclops Dusknoir Radiant Charizard Rotom V Lumineon V Fezandipiti ex Cleffa,Charizard ex
Charmander Charmeleon Charizard ex Pidgey Pidgeot ex Duskull Dusclops Dusknoir Radiant Charizard Cleffa Lumineon V Rotom V Fezandipiti ex,Charizard ex
Regidrago V Regidrago VSTAR Teal Mask Ogerpon ex Dragapult ex Giratina VSTAR Hisuian Goodra VSTAR Alolan Exeggutor ex Kyurem Squawkabilly ex Fezandipiti ex Mew ex Cleffa Radiant Charizard,Regidrago VSTAR
Regidrago V Regidrago VSTAR Teal Mask Ogerpon ex Dragapult ex Giratina VSTAR Kyurem Hoothoot Noctowl Squawkabilly ex Fezandipiti ex Mew ex Cleffa Radiant Charizard,Regidrago VSTAR
Raging Bolt ex Teal Mask Ogerpon ex Radiant Greninja Fezandipiti ex Squawkabilly ex,Raging Bolt ex
Raging Bolt ex Teal Mask Ogerpon ex Squawkabilly ex Fezandipiti ex Radiant Greninja Slither Wing,Raging Bolt ex
Lugia V Lugia VSTAR Archeops Minccino Cinccino Lumineon V Wellspring Mask Ogerpon ex Bloodmoon Ursaluna ex Squawkabilly ex Fezandipiti ex Klefki,Lugia Archeops
Lugia V Lugia VSTAR Archeops Minccino Cinccino Lumineon V Bloodmoon Ursaluna ex Wyrdeer V Iron Hands ex Wellspring Mask Ogerpon ex,Lugia Archeops
Hoothoot Noctowl Duskull Dusknoir Terapagos ex Fan Rotom Pidgey Pidgeot ex Bloodmoon Ursaluna ex Fezandipiti ex,Terapagos ex
Terapagos ex Hoothoot Noctowl Pidgey Pidgeot ex Duskull Duskull Dusknoir Fan Rotom Bouffalant Bloodmoon Ursaluna ex Fezandipiti ex,Terapagos ex
Snorlax Mimikyu,Snorlax Stall PGO
Snorlax Mimikyu Rotom V Cornerstone Mask Ogerpon ex Regieleki Pidgeot V,Snorlax Stall PGO
Dreepy Drakloak Dragapult ex Pidgey Pidgey Pidgeot ex Lumineon V Rotom V Fezandipiti ex Cleffa Radiant Alakazam Hawlucha Manaphy,Dragapult ex
Dreepy Drakloak Dragapult ex Pidgey Pidgeot ex Rotom V Fezandipiti ex Radiant Alakazam Hawlucha,Dragapult ex
Ralts Kirlia Gardevoir ex Fezandipiti ex Spiritomb Scream Tail Munkidori Klefki Drifloon Radiant Greninja,Gardevoir ex
Ralts Kirlia Gardevoir ex Scream Tail Drifloon Radiant Greninja Munkidori Spiritomb Klefki Fezandipiti ex,Gardevoir ex
Palkia V Palkia VSTAR Radiant Greninja Bloodmoon Ursaluna ex,Palkia VSTAR
Comfey Sableye Cramorant Radiant Greninja Bloodmoon Ursaluna ex Iron Hands ex Raikou V Spiritomb Manaphy,Lost Zone Box
Comfey Cramorant Sableye Radiant Greninja Bloodmoon Ursaluna ex Iron Hands ex Iron Thorns ex,Lost Zone Box
Iron Thorns ex,Iron Thorns ex
Iron Thorns ex,Iron Thorns ex
Klawf Brute Bonnet Terapagos ex Latias ex Radiant Hisuian Sneasler Lumineon V Fezandipiti ex Oranguru V Iron Bundle Bloodmoon Ursaluna ex Pecharunt ex Squawkabilly ex,Klawf Unhinged Scissors
Klawf Brute Bonnet Radiant Hisuian Sneasler Squawkabilly ex Bloodmoon Ursaluna ex Lumineon V Fezandipiti ex Iron Bundle,Klawf Unhinged Scissors
Gimmighoul Gholdengo ex Origin Forme Palkia V Origin Forme Palkia VSTAR Radiant Greninja Fezandipiti ex Iron Bundle Manaphy,Gholdengo ex
Gimmighoul Gholdengo ex Togepi Togekiss Fezandipiti ex Radiant Greninja Manaphy Iron Bundle,Gholdengo ex
Roaring Moon ex Roaring Moon Koraidon Fezandipiti ex Pecharunt ex Iron Bundle Radiant Greninja Lumineon V Squawkabilly ex Latias ex,Roaring Moon ex
Roaring Moon Flutter Mane Great Tusk Pecharunt ex Fezandipiti ex Brute Bonnet Radiant Greninja Iron Bundle Roaring Moon ex,Roaring Moon ex
Roaring Moon Koraidon Flutter Mane Great Tusk Walking Wake Radiant Greninja,Ancient Box
Roaring Moon Koraidon Flutter Mane Walking Wake Radiant Greninja,Ancient Box
Mimikyu Pidgey Pidgeot ex Rotom V Bloodmoon Ursaluna ex Terapagos ex Lumineon V Luxray V Sandshrew Cornerstone Mask Ogerpon ex Wellspring Mask Ogerpon ex Genesect,Pidgeot Control
Mimikyu Pidgey Pidgeot ex Rotom V Bloodmoon Ursaluna ex Terapagos ex Lumineon V Cornerstone Mask Ogerpon ex Wellspring Mask Ogerpon ex,Pidgeot Control
Iron Thorns ex Mimikyu Cornerstone Mask Ogerpon ex,Cornerstone Ogerpon ex
Cornerstone Ogerpon ex,Cornerstone Ogerpon ex
Shuppet Banette ex Banette Ralts Ralts Kirlia Gardevoir ex Munkidori Mew ex Spiritomb Scream Tail,Banette ex
Miraidon ex Iron Hands ex Raikou V Raichu V Magnemite Magneton Pikachu ex Latias ex Mew ex Fezandipiti ex Squawkabilly ex Lumineon V Iron Bundle,Miraidon ex
Miraidon ex Iron Hands ex Raikou V Raichu V Magnemite Magneton Pikachu ex Rotom V Bloodmoon Ursaluna ex Latias ex Mew ex Fezandipiti ex Squawkabilly ex Lumineon V Radiant Greninja Iron Bundle,Miraidon ex
Gouging Fire ex Delphox V Flutter Mane Mew ex Lumineon V Radiant Greninja Entei V Fezandipiti ex Munkidori Squawkabilly ex,Gouging Fire ex
Frigibax Frigibax Baxcalibur Bidoof Bibarel Chien-Pao ex Origin Forme Palkia V Origin Forme Palkia VSTAR Iron Hands ex Lumineon V Radiant Greninja,Chien-Pao Baxcalibur
Charmander Charmeleon Charizard ex Pidgey Pidgey Pidgeot ex Duskull Dusclops Dusknoir Radiant Charizard Rotom V Lumineon V Fezandipiti ex Cleffa,Charizard ex
Charmander Charmeleon Charizard ex Pidgey Pidgeot ex Duskull Dusclops Dusknoir Radiant Charizard Cleffa Lumineon V Rotom V Fezandipiti ex,Charizard ex
Regidrago V Regidrago VSTAR Teal Mask Ogerpon ex Dragapult ex Giratina VSTAR Hisuian Goodra VSTAR Alolan Exeggutor ex Kyurem Squawkabilly ex Fezandipiti ex Mew ex Cleffa Radiant Charizard,Regidrago VSTAR
Regidrago V Regidrago VSTAR Teal Mask Ogerpon ex Dragapult ex Giratina VSTAR Kyurem Hoothoot Noctowl Squawkabilly ex Fezandipiti ex Mew ex Cleffa Radiant Charizard,Regidrago VSTAR
Raging Bolt ex Teal Mask Ogerpon ex Radiant Greninja Fezandipiti ex Squawkabilly ex,Raging Bolt ex
Raging Bolt ex Teal Mask Ogerpon ex Squawkabilly ex Fezandipiti ex Radiant Greninja Slither Wing,Raging Bolt ex
Lugia V Lugia VSTAR Archeops Minccino Cinccino Lumineon V Wellspring Mask Ogerpon ex Bloodmoon Ursaluna ex Squawkabilly ex Fezandipiti ex Klefki,Lugia Archeops
Lugia V Lugia VSTAR Archeops Minccino Cinccino Lumineon V Bloodmoon Ursaluna ex Wyrdeer V Iron Hands ex Wellspring Mask Ogerpon ex,Lugia Archeops
Hoothoot Noctowl Duskull Dusknoir Terapagos ex Fan Rotom Pidgey Pidgeot ex Bloodmoon Ursaluna ex Fezandipiti ex,Terapagos ex
Terapagos ex Hoothoot Noctowl Pidgey Pidgeot ex Duskull Duskull Dusknoir Fan Rotom Bouffalant Bloodmoon Ursaluna ex Fezandipiti ex,Terapagos ex
Snorlax Mimikyu,Snorlax Stall PGO
Snorlax Mimikyu Rotom V Cornerstone Mask Ogerpon ex Regieleki Pidgeot V,Snorlax Stall PGO
Dreepy Drakloak Dragapult ex Pidgey Pidgey Pidgeot ex Lumineon V Rotom V Fezandipiti ex Cleffa Radiant Alakazam Hawlucha Manaphy,Dragapult ex
Dreepy Drakloak Dragapult ex Pidgey Pidgeot ex Rotom V Fezandipiti ex Radiant Alakazam Hawlucha,Dragapult ex
Ralts Kirlia Gardevoir ex Fezandipiti ex Spiritomb Scream Tail Munkidori Klefki Drifloon Radiant Greninja,Gardevoir ex
Ralts Kirlia Gardevoir ex Scream Tail Drifloon Radiant Greninja Munkidori Spiritomb Klefki Fezandipiti ex,Gardevoir ex
Palkia V Palkia VSTAR Radiant Greninja Bloodmoon Ursaluna ex,Palkia VSTAR
Comfey Sableye Cramorant Radiant Greninja Bloodmoon Ursaluna ex Iron Hands ex Raikou V Spiritomb Manaphy,Lost Zone Box
Comfey Cramorant Sableye Radiant Greninja Bloodmoon Ursaluna ex Iron Hands ex Iron Thorns ex,Lost Zone Box
Iron Thorns ex,Iron Thorns ex
Iron Thorns ex,Iron Thorns ex
Klawf Brute Bonnet Terapagos ex Latias ex Radiant Hisuian Sneasler Lumineon V Fezandipiti ex Oranguru V Iron Bundle Bloodmoon Ursaluna ex Pecharunt ex Squawkabilly ex,Klawf Unhinged Scissors
Klawf Brute Bonnet Radiant Hisuian Sneasler Squawkabilly ex Bloodmoon Ursaluna ex Lumineon V Fezandipiti ex Iron Bundle,Klawf Unhinged Scissors
Gimmighoul Gholdengo ex Origin Forme Palkia V Origin Forme Palkia VSTAR Radiant Greninja Fezandipiti ex Iron Bundle Manaphy,Gholdengo ex
Gimmighoul Gholdengo ex Togepi Togekiss Fezandipiti ex Radiant Greninja Manaphy Iron Bundle,Gholdengo ex
Roaring Moon ex Roaring Moon Koraidon Fezandipiti ex Pecharunt ex Iron Bundle Radiant Greninja Lumineon V Squawkabilly ex Latias ex,Roaring Moon ex
Roaring Moon Flutter Mane Great Tusk Pecharunt ex Fezandipiti ex Brute Bonnet Radiant Greninja Iron Bundle Roaring Moon ex,Roaring Moon ex
Roaring Moon Koraidon Flutter Mane Great Tusk Walking Wake Radiant Greninja,Ancient Box
Roaring Moon Koraidon Flutter Mane Walking Wake Radiant Greninja,Ancient Box
Mimikyu Pidgey Pidgeot ex Rotom V Bloodmoon Ursaluna ex Terapagos ex Lumineon V Luxray V Sandshrew Cornerstone Mask Ogerpon ex Wellspring Mask Ogerpon ex Genesect,Pidgeot Control
Mimikyu Pidgey Pidgeot ex Rotom V Bloodmoon Ursaluna ex Terapagos ex Lumineon V Cornerstone Mask Ogerpon ex Wellspring Mask Ogerpon ex,Pidgeot Control
Iron Thorns ex Mimikyu Cornerstone Mask Ogerpon ex,Cornerstone Ogerpon ex
Cornerstone Ogerpon ex,Cornerstone Ogerpon ex
Shuppet Banette ex Banette Ralts Ralts Kirlia Gardevoir ex Munkidori Mew ex Spiritomb Scream Tail,Banette ex
Miraidon ex Iron Hands ex Raikou V Raichu V Magnemite Magneton Pikachu ex Latias ex Mew ex Fezandipiti ex Squawkabilly ex Lumineon V Iron Bundle,Miraidon ex
Miraidon ex Iron Hands ex Raikou V Raichu V Magnemite Magneton Pikachu ex Rotom V Bloodmoon Ursaluna ex Latias ex Mew ex Fezandipiti ex Squawkabilly ex Lumineon V Radiant Greninja Iron Bundle,Miraidon ex
Gouging Fire ex Delphox V Flutter Mane Mew ex Lumineon V Radiant Greninja Entei V Fezandipiti ex Munkidori Squawkabilly ex,Gouging Fire ex
Frigibax Frigibax Baxcalibur Bidoof Bibarel Chien-Pao ex Origin Forme Palkia V Origin Forme Palkia VSTAR Iron Hands ex Lumineon V Radiant Greninja,Chien-Pao Baxcalibur
